{
    "data": [
        {
            "path": "001-trivial/minimal-document.pdf",
            "producer": "pdfTeX-1.40.23",
            "pages": 1,
            "creation_date": "2022-04-03T18:05:42+02:00",
            "encrypted": false,
            "images": 0,
            "forms": 0,
            "annotations": {}
        },
        {
            "path": "002-trivial-libre-office-writer/002-trivial-libre-office-writer.pdf",
            "producer": "LibreOffice 6.4",
            "pages": 1,
            "creation_date": "2022-04-03T19:31:02+02:00",
            "encrypted": false,
            "images": 0,
            "forms": 0,
            "annotations": {}
        },
        {
            "path": "003-pdflatex-image/pdflatex-image.pdf",
            "producer": "pdfTeX-1.40.23",
            "pages": 1,
            "creation_date": "2022-04-03T19:47:32+02:00",
            "encrypted": false,
            "images": 1,
            "forms": 0,
            "annotations": {}
        },
        {
            "path": "004-pdflatex-4-pages/pdflatex-4-pages.pdf",
            "producer": "pdfTeX-1.40.23",
            "pages": 4,
            "creation_date": "2022-04-03T19:59:45+02:00",
            "encrypted": false,
            "images": 0,
            "forms": 0,
            "annotations": {}
        },
        {
            "path": "005-libreoffice-writer-password/libreoffice-writer-password.pdf",
            "producer": "Libre Office Writer",
            "creation_date": "2022-04-03T20:37:00+02:00",
            "encrypted": true,
            "pages": 1,
            "images": 0,
            "forms": 0,
            "annotations": {}
        },
        {
            "path": "006-pdflatex-outline/pdflatex-outline.pdf",
            "producer": "pdfTeX-1.40.23",
            "creation_date": "2022-04-06T20:15:41+02:00",
            "encrypted": false,
            "pages": 4,
            "images": 0,
            "forms": 0,
            "annotations": {
                "Link": 9
            }
        },
        {
            "path": "007-imagemagick-images/imagemagick-ASCII85Decode.pdf",
            "producer": "https://imagemagick.org",
            "creation_date": "2022-04-15T12:01:34+02:00",
            "encrypted": false,
            "pages": 1,
            "images": 0,
            "forms": 0,
            "annotations": {}
        },
        {
            "path": "007-imagemagick-images/imagemagick-images.pdf",
            "producer": "https://imagemagick.org",
            "creation_date": "2022-04-15T11:38:26+02:00",
            "encrypted": false,
            "pages": 6,
            "images": 0,
            "forms": 0,
            "annotations": {}
        },
        {
            "path": "007-imagemagick-images/imagemagick-CCITTFaxDecode.pdf",
            "producer": "https://imagemagick.org",
            "creation_date": "2022-04-15T12:06:59+02:00",
            "encrypted": false,
            "pages": 1,
            "images": 0,
            "forms": 0,
            "annotations": {}
        },
        {
            "path": "007-imagemagick-images/imagemagick-lzw.pdf",
            "producer": "https://imagemagick.org",
            "creation_date": "2022-04-15T11:42:09+02:00",
            "encrypted": false,
            "pages": 1,
            "images": 0,
            "forms": 0,
            "annotations": {}
        },
        {
            "path": "008-reportlab-inline-image/inline-image.pdf",
            "producer": "ReportLab PDF Library - www.reportlab.com",
            "creation_date": "2022-04-15T13:30:24+02:00",
            "encrypted": false,
            "pages": 1,
            "images": 0,
            "forms": 0,
            "annotations": {}
        },
        {
            "path": "009-pdflatex-geotopo/GeoTopo.pdf",
            "producer": "pdfTeX-1.40.16",
            "creation_date": "2016-12-31T18:43:23+02:00",
            "encrypted": false,
            "pages": 117,
            "images": null,
            "forms": 0,
            "annotations": {
                "Link": 509
            }
        },
        {
            "path": "009-pdflatex-geotopo/GeoTopo-komprimiert.pdf",
            "producer": "3-Heights™ PDF Optimization Shell 6.3.1.5 (http://www.pdf-tools.com)",
            "creation_date": "2016-12-31T18:43:23+02:00",
            "encrypted": false,
            "pages": 117,
            "images": null,
            "forms": 0,
            "annotations": {
                "Link": 509
            }
        },
        {
            "path": "010-pdflatex-forms/pdflatex-forms.pdf",
            "producer": "pdfTeX-1.40.23",
            "creation_date": "2022-04-08T19:47:23+02:00",
            "encrypted": false,
            "pages": 1,
            "images": 0,
            "forms": 1,
            "annotations": {
                "Widget": 3
            }
        },
        {
            "path": "011-google-doc-document/google-doc-document.pdf",
            "producer": "Skia/PDF m103 Google Docs Renderer",
            "creation_date": null,
            "encrypted": false,
            "pages": 1,
            "images": 1,
            "forms": 0,
            "annotations": {}
        },
        {
            "path": "012-libreoffice-form/libreoffice-form.pdf",
            "producer": "LibreOffice 6.4",
            "creation_date": "2022-06-26T10:58:43+02:00",
            "encrypted": false,
            "pages": 1,
            "images": 0,
            "forms": 1,
            "annotations": {
                "Widget": 9
            }
        },
        {
            "path": "013-reportlab-overlay/reportlab-overlay.pdf",
            "producer": "PyPDF2",
            "creation_date": null,
            "encrypted": false,
            "pages": 1,
            "images": 0,
            "forms": 1,
            "annotations": {}
        },
        {
            "path": "014-outlines/mistitled_outlines_example.pdf",
            "producer": "pdfTeX-1.40.23",
            "creation_date": "2022-04-06T20:15:41",
            "encrypted": false,
            "pages": 4,
            "images": 0,
            "forms": 0,
            "annotations": {
                "Link": 9
            }
        },
        {
            "path": "015-arabic/habibi.pdf",
            "producer": "WeasyPrint 54.1",
            "creation_date": null,
            "encrypted": false,
            "pages": 1,
            "images": 0,
            "forms": 0,
            "annotations": {}
        },
        {
            "path": "015-arabic/habibi-rotated.pdf",
            "producer": "pypdf",
            "creation_date": null,
            "encrypted": false,
            "pages": 4,
            "images": 0,
            "forms": 0,
            "annotations": {}
        },
        {
            "path": "015-arabic/habibi-oneline-cmap.pdf",
            "producer": "WeasyPrint 54.1",
            "creation_date": null,
            "encrypted": false,
            "pages": 1,
            "images": 0,
            "forms": 0,
            "annotations": {}
        },
        {
            "path": "016-libre-office-link/libre-office-link.pdf",
            "producer": "LibreOffice 6.4",
            "creation_date": "2022-07-31T11:48:53",
            "encrypted": false,
            "pages": 1,
            "images": 0,
            "forms": 0,
            "annotations": {
                "Link": 1
            }
        },
        {
            "path": "017-unreadable-meta-data/unreadablemetadata.pdf",
            "producer": "?",
            "creation_date": "2022-07-31T11:48:53",
            "encrypted": false,
            "pages": 4,
            "images": 0,
            "forms": 0,
            "annotations": {}
        },
        {
            "path": "018-base64-image/base64image.pdf",
            "producer": "PDF Annotator 8.0.0.837",
            "creation_date": "2022-09-20T08:15:17",
            "encrypted": false,
            "pages": 1,
            "images": 1,
            "forms": 0,
            "annotations": {}
        },
        {
            "path": "019-grayscale-image/grayscale-image.pdf",
            "producer": null,
            "creation_date": null,
            "encrypted": false,
            "pages": 1,
            "images": 1,
            "forms": 0,
            "annotations": {}
        },
        {
            "path": "020-xmp/output_with_metadata_pymupdf.pdf",
            "producer": null,
            "creation_date": "2023-04-10T07:46:54",
            "encrypted": false,
            "pages": 1,
            "images": 1,
            "forms": 0,
            "annotations": {}
        },
        {
            "path": "021-pdfa/crazyones-pdfa.pdf",
            "producer": "GPL Ghostscript 10.00.0",
            "creation_date": "2023-04-23T17:59:04",
            "encrypted": false,
            "pages": 1,
            "images": 1,
            "forms": 0,
            "annotations": {}
        },
        {
            "path": "022-pdfkit/pdfkit.pdf",
            "producer": "Qt 5.12.8",
            "creation_date": "2023-09-13T13:40:06",
            "encrypted": false,
            "pages": 1,
            "images": 1,
            "forms": 0,
            "annotations": {}
        },
        {
            "path": "023-cmyk-image/cmyk-image.pdf",
            "producer": null,
            "creation_date": null,
            "encrypted": false,
            "pages": 1,
            "images": 1,
            "forms": 0,
            "annotations": {}
        },
        {
            "path": "024-annotations/annotated_pdf.pdf",
            "producer": "produced by FPDF2",
            "creation_date": "1990-04-28T00:00:00",
            "encrypted": false,
            "pages": 1,
            "images": 1,
            "forms": 0,
            "annotations": {
                "Text": 1,
                "Highlight": 1,
                "Ink": 1
            }
        },
        {
            "path": "025-attachment/with-attachment.pdf",
            "producer": "pypdf",
            "creation_date": null,
            "encrypted": false,
            "pages": 1,
            "images": 1,
            "forms": 0,
            "annotations": {}
        },
        {
            "path": "026-latex-multicolumn/multicolumn.pdf",
            "producer": "pdfTeX-1.40.21",
            "creation_date": "2024-01-03T09:38:26",
            "encrypted": false,
            "pages": 3,
            "images": 0,
            "forms": 0,
            "annotations": {}
        }
    ]
}
